GEOID10,nit_long,NAMELSAD_1,cancer_num,CID_sum,ID
55001950100,5,Adams County,12,216,276
55001950201,6,Adams County,5,90,273
55001950202,5,Adams County,22,396,275
55001950400,5,Adams County,14,252,278
55001950501,5,Adams County,7,126,272
55001950502,5,Adams County,11,198,274
55001950700,6,Adams County,19,342,277
55003940000,0,Ashland County,6,312,725
55003950300,1,Ashland County,0,0,730
55003950400,2,Ashland County,0,0,729
55003950500,0,Ashland County,2,104,727
55003950600,1,Ashland County,7,364,726
55003950700,0,Ashland County,7,364,728
55003950800,0,Ashland County,9,468,724
55003990000,0,Ashland County,15,780,731
55005000100,9,Barron County,20,1100,1315
55005000200,4,Barron County,13,715,1311
55005000300,4,Barron County,16,880,1313
55005000400,4,Barron County,6,330,1317
55005000500,5,Barron County,1,55,1312
55005000600,4,Barron County,3,165,1310
55005000800,4,Barron County,21,1155,1316
55005000900,4,Barron County,33,1815,1314
55005001001,4,Barron County,9,495,1309
55005001002,4,Barron County,11,605,1308
55007960100,0,Bayfield County,8,272,558
55007960200,0,Bayfield County,11,374,562
55007960300,0,Bayfield County,3,102,561
55007960400,0,Bayfield County,9,306,560
55007960600,0,Bayfield County,6,204,559
55007990000,0,Bayfield County,5,170,557
55009000100,1,Brown County,3,186,1251
55009000200,1,Brown County,1,62,1250
55009000302,1,Brown County,2,124,1265
55009000303,1,Brown County,1,62,1249
55009000401,1,Brown County,0,0,1248
55009000402,1,Brown County,1,62,1247
55009000500,2,Brown County,2,124,1246
55009000600,1,Brown County,0,0,1245
55009000700,1,Brown County,0,0,1244
55009000800,1,Brown County,0,0,1243
55009000900,2,Brown County,3,186,1242
55009001000,1,Brown County,1,62,1241
55009001100,1,Brown County,0,0,1240
55009001200,1,Brown County,0,0,1239
55009001300,1,Brown County,0,0,1238
55009001400,1,Brown County,2,124,1237
55009001600,1,Brown County,1,62,1257
55009001701,1,Brown County,4,248,1144
55009001702,3,Brown County,3,186,1173
55009001801,0,Brown County,6,372,1235
55009001802,1,Brown County,11,682,1234
55009002001,1,Brown County,3,186,1212
55009002002,1,Brown County,1,62,1256
55009002003,1,Brown County,2,124,1211
55009010100,1,Brown County,1,62,1272
55009010201,1,Brown County,1,62,1263
55009010202,0,Brown County,1,62,1254
55009010300,1,Brown County,3,186,1253
55009020100,1,Brown County,97,6014,1213
55009020203,2,Brown County,33,2046,1169
55009020204,1,Brown County,14,868,1172
55009020502,3,Brown County,9,558,1210
55009020503,1,Brown County,5,310,1145
55009020504,1,Brown County,5,310,1170
55009020600,1,Brown County,46,2852,1255
55009020702,1,Brown County,29,1798,1252
55009020703,1,Brown County,5,310,1168
55009020704,1,Brown County,8,496,1171
55009020800,1,Brown County,3,186,1271
55009020900,1,Brown County,0,0,1270
55009021000,1,Brown County,3,186,1269
55009021100,1,Brown County,0,0,1268
55009021200,1,Brown County,2,124,1267
55009021301,1,Brown County,0,0,1261
55009021302,1,Brown County,1,62,1260
55009021303,1,Brown County,5,310,1258
55009021304,1,Brown County,2,124,1259
55009021400,1,Brown County,39,2418,1208
55009021500,1,Brown County,66,4092,1209
55009021600,1,Brown County,25,1550,1143
55009940001,1,Brown County,55,3410,1262
55009940002,1,Brown County,5,310,1264
55009940003,1,Brown County,1,62,1236
55009940004,1,Brown County,1,62,1266
55011960100,8,Buffalo County,12,0,154
55011960200,5,Buffalo County,0,0,147
55011960300,5,Buffalo County,10,0,155
55011960400,5,Buffalo County,2,0,152
55011960500,5,Buffalo County,12,0,168
55013970400,1,Burnett County,11,550,963
55013970600,1,Burnett County,14,700,965
55013970700,1,Burnett County,7,350,962
55013970800,1,Burnett County,7,350,966
55013970900,1,Burnett County,12,600,964
55013971000,1,Burnett County,5,250,967
55015020100,2,Calumet County,12,72,117
55015020200,0,Calumet County,35,210,90
55015020303,2,Calumet County,0,0,48
55015020304,3,Calumet County,0,0,49
55015020306,2,Calumet County,14,84,50
55015020308,2,Calumet County,3,18,47
55015020400,2,Calumet County,32,192,116
55015020500,2,Calumet County,11,66,89
55015020600,2,Calumet County,14,84,88
55015020700,2,Calumet County,0,0,44
55015020800,2,Calumet County,0,0,43
55017010100,6,Chippewa County,2,72,654
55017010200,6,Chippewa County,1,36,651
55017010300,6,Chippewa County,0,0,652
55017010400,7,Chippewa County,24,864,646
55017010500,1,Chippewa County,3,108,653
55017010700,6,Chippewa County,12,432,650
55017010800,5,Chippewa County,20,720,649
55017010900,6,Chippewa County,32,1152,645
55017011000,6,Chippewa County,32,1152,644
55017011100,6,Chippewa County,37,1332,647
55017011200,6,Chippewa County,19,684,648
55019950100,5,Clark County,5,10,9
55019950200,5,Clark County,14,28,6
55019950300,5,Clark County,9,18,2
55019950400,6,Clark County,15,30,8
55019950500,5,Clark County,10,20,7
55019950600,4,Clark County,13,26,4
55019950700,5,Clark County,1,2,3
55019950800,5,Clark County,28,56,5
55021970100,8,Columbia County,75,3975,926
55021970200,8,Columbia County,31,1643,923
55021970300,8,Columbia County,26,1378,929
55021970400,8,Columbia County,7,371,928
55021970500,8,Columbia County,3,159,922
55021970600,7,Columbia County,56,2968,927
55021970700,8,Columbia County,25,1325,933
55021970800,9,Columbia County,12,636,932
55021970900,8,Columbia County,31,1643,931
55021971000,8,Columbia County,49,2597,930
55021971100,8,Columbia County,48,2544,924
55021971200,8,Columbia County,7,371,925
55023960100,4,Crawford County,11,187,151
55023960200,4,Crawford County,15,255,148
55023960300,4,Crawford County,16,272,150
55023960400,3,Crawford County,14,238,149
55023960500,4,Crawford County,0,0,146
55023960600,2,Crawford County,0,0,153
55025000100,10,Dane County,0,0,672
55025000201,10,Dane County,0,0,671
55025000202,10,Dane County,0,0,670
55025000204,10,Dane County,1,38,669
55025000205,10,Dane County,2,76,666
55025000300,10,Dane County,0,0,665
55025000401,10,Dane County,1,38,664
55025000402,10,Dane County,0,0,663
55025000405,10,Dane County,0,0,577
55025000406,10,Dane County,2,76,530
55025000407,10,Dane County,0,0,550
55025000408,10,Dane County,0,0,578
55025000501,10,Dane County,1,38,660
55025000503,9,Dane County,0,0,468
55025000504,10,Dane County,0,0,661
55025000600,10,Dane County,1,38,675
55025000700,10,Dane County,0,0,659
55025000800,10,Dane County,1,38,657
55025000901,10,Dane County,0,0,549
55025000902,10,Dane County,2,76,576
55025001000,10,Dane County,0,0,658
55025001101,6,Dane County,0,0,548
55025001102,10,Dane County,0,0,575
55025001200,10,Dane County,0,0,656
55025001300,10,Dane County,0,0,655
55025001401,5,Dane County,0,0,643
55025001402,10,Dane County,1,38,592
55025001403,11,Dane County,5,190,673
55025001501,10,Dane County,1,38,642
55025001502,10,Dane County,1,38,506
55025001603,10,Dane County,0,0,547
55025001604,10,Dane County,0,0,574
55025001605,10,Dane County,0,0,546
55025001606,10,Dane County,0,0,573
55025001704,10,Dane County,0,0,537
55025001705,11,Dane County,0,0,571
55025001802,10,Dane County,0,0,531
55025001804,10,Dane County,0,0,556
55025001900,6,Dane County,0,0,641
55025002000,10,Dane County,0,0,505
55025002100,10,Dane County,1,38,489
55025002200,10,Dane County,0,0,640
55025002301,10,Dane County,0,0,639
55025002302,10,Dane County,1,38,638
55025002401,10,Dane County,0,0,637
55025002402,10,Dane County,1,38,477
55025002500,10,Dane County,4,152,488
55025002601,10,Dane County,0,0,636
55025002602,10,Dane County,1,38,591
55025002603,10,Dane County,0,0,593
55025002700,10,Dane County,1,38,504
55025002800,10,Dane County,1,38,503
55025002900,4,Dane County,0,0,502
55025003001,10,Dane County,1,38,635
55025003002,10,Dane County,2,76,501
55025003100,10,Dane County,0,0,497
55025003200,10,Dane County,0,0,634
55025010100,10,Dane County,0,0,633
55025010200,10,Dane County,1,38,632
55025010300,12,Dane County,1,38,622
55025010400,10,Dane County,2,76,628
55025010501,10,Dane County,3,114,536
55025010502,10,Dane County,4,152,572
55025010600,10,Dane County,20,760,496
55025010701,10,Dane County,0,0,674
55025010702,10,Dane County,25,950,662
55025010800,10,Dane County,3,114,627
55025010901,10,Dane County,3,114,493
55025010903,10,Dane County,5,190,535
55025010904,10,Dane County,25,950,553
55025011000,10,Dane County,0,0,626
55025011101,10,Dane County,0,0,624
55025011102,10,Dane County,1,38,623
55025011200,10,Dane County,20,760,476
55025011301,10,Dane County,7,266,595
55025011302,10,Dane County,1,38,594
55025011401,10,Dane County,6,228,534
55025011402,10,Dane County,13,494,555
55025011503,10,Dane County,4,152,487
55025011504,10,Dane County,3,114,596
55025011505,10,Dane County,0,0,621
55025011506,10,Dane County,3,114,474
55025011600,10,Dane County,5,190,492
55025011700,10,Dane County,26,988,491
55025011800,10,Dane County,56,2128,625
55025011900,8,Dane County,54,2052,473
55025012001,10,Dane County,8,304,472
55025012002,10,Dane County,39,1482,475
55025012100,10,Dane County,31,1178,511
55025012201,10,Dane County,2,76,470
55025012202,10,Dane County,0,0,597
55025012300,10,Dane County,10,380,469
55025012400,12,Dane County,28,1064,490
55025012501,10,Dane County,5,190,533
55025012502,10,Dane County,11,418,554
55025012600,10,Dane County,56,2128,510
55025012700,9,Dane County,57,2166,495
55025012800,10,Dane County,15,570,494
55025012900,10,Dane County,56,2128,509
55025013000,10,Dane County,10,380,508
55025013100,10,Dane County,37,1406,507
55025013200,10,Dane County,74,2812,471
55025013301,10,Dane County,3,114,551
55025013302,10,Dane County,2,76,552
55025013700,10,Dane County,4,152,532
55025991702,10,Dane County,10,380,590
55025991703,10,Dane County,1,38,579
55027960100,3,Dodge County,18,1260,1282
55027960200,3,Dodge County,28,1960,1284
55027960300,3,Dodge County,2,140,1281
55027960400,3,Dodge County,21,1470,1300
55027960500,2,Dodge County,8,560,1277
55027960600,2,Dodge County,24,1680,1289
55027960700,3,Dodge County,1,70,1288
55027960800,3,Dodge County,1,70,1287
55027960900,3,Dodge County,1,70,1286
55027961000,3,Dodge County,0,0,1285
55027961100,3,Dodge County,12,840,1280
55027961200,3,Dodge County,4,280,1275
55027961300,3,Dodge County,1,70,1274
55027961400,3,Dodge County,21,1470,1276
55027961500,3,Dodge County,12,840,1302
55027961600,3,Dodge County,27,1890,1301
55027961700,3,Dodge County,22,1540,1279
55027961800,3,Dodge County,38,2660,1283
55027961900,3,Dodge County,0,0,1278
55027962000,3,Dodge County,0,0,1273
55029100100,3,Door County,9,432,806
55029100300,3,Door County,7,336,813
55029100400,3,Door County,10,480,807
55029100500,3,Door County,6,288,809
55029100600,3,Door County,6,288,812
55029100700,3,Door County,0,0,814
55029100800,3,Door County,1,48,808
55029100900,4,Door County,3,144,811
55029101000,3,Door County,6,288,810
55031020300,0,Douglas County,0,0,22
55031020400,1,Douglas County,0,0,15
55031020500,0,Douglas County,0,0,14
55031020600,0,Douglas County,0,0,13
55031020700,0,Douglas County,4,28,24
55031020800,0,Douglas County,2,14,23
55031020900,0,Douglas County,0,0,12
55031021000,0,Douglas County,1,7,28
55031021100,0,Douglas County,0,0,10
55031030100,0,Douglas County,16,112,27
55031030200,0,Douglas County,11,77,25
55031030300,1,Douglas County,54,378,26
55031990000,0,Douglas County,7,49,11
55033970100,4,Dunn County,26,676,197
55033970200,4,Dunn County,14,364,459
55033970300,4,Dunn County,13,338,460
55033970400,4,Dunn County,17,442,458
55033970500,8,Dunn County,2,52,457
55033970600,4,Dunn County,15,390,198
55033970700,5,Dunn County,1,26,196
55033970800,4,Dunn County,1,26,195
55035000100,6,Eau Claire County,76,2280,244
55035000200,6,Eau Claire County,54,1620,229
55035000301,4,Eau Claire County,8,240,228
55035000302,6,Eau Claire County,22,660,232
55035000400,8,Eau Claire County,6,180,215
55035000501,6,Eau Claire County,0,0,245
55035000502,6,Eau Claire County,0,0,246
55035000600,6,Eau Claire County,2,60,214
55035000700,6,Eau Claire County,0,0,212
55035000801,6,Eau Claire County,0,0,210
55035000802,6,Eau Claire County,1,30,225
55035000803,6,Eau Claire County,3,90,226
55035000900,6,Eau Claire County,1,30,231
55035001101,6,Eau Claire County,0,0,211
55035001200,6,Eau Claire County,2,60,213
55035001300,3,Eau Claire County,5,150,230
55035001400,6,Eau Claire County,0,0,224
55035001500,6,Eau Claire County,14,420,233
55035001600,6,Eau Claire County,42,1260,227
55035001700,6,Eau Claire County,0,0,209
55037190100,5,Florence County,3,48,0
55037190200,5,Florence County,11,176,1
55039040100,2,Fond du Lac County,0,0,450
55039040200,2,Fond du Lac County,0,0,449
55039040300,2,Fond du Lac County,0,0,448
55039040400,2,Fond du Lac County,0,0,447
55039040500,0,Fond du Lac County,2,58,446
55039040700,2,Fond du Lac County,4,116,445
55039040800,2,Fond du Lac County,0,0,444
55039040900,2,Fond du Lac County,0,0,436
55039041000,2,Fond du Lac County,0,0,435
55039041100,2,Fond du Lac County,5,145,434
55039041300,2,Fond du Lac County,4,116,433
55039041400,5,Fond du Lac County,54,1566,452
55039041500,2,Fond du Lac County,5,145,432
55039041600,2,Fond du Lac County,7,203,431
55039041700,2,Fond du Lac County,45,1305,456
55039041800,1,Fond du Lac County,11,319,430
55039041900,2,Fond du Lac County,45,1305,454
55039042000,2,Fond du Lac County,27,783,451
55039042100,2,Fond du Lac County,50,1450,453
55039042200,2,Fond du Lac County,33,957,455
55041950100,1,Forest County,20,1380,1116
55041950200,1,Forest County,13,897,1114
55041950300,1,Forest County,2,138,1115
55041950400,1,Forest County,2,138,1113
55043960100,8,Grant County,14,826,1384
55043960200,8,Grant County,6,354,1386
55043960300,8,Grant County,10,590,1385
55043960400,8,Grant County,36,2124,1389
55043960500,8,Grant County,19,1121,1388
55043960600,8,Grant County,21,1239,1387
55043960700,8,Grant County,0,0,1380
55043960800,9,Grant County,12,708,1382
55043960900,6,Grant County,2,118,1391
55043961000,8,Grant County,0,0,1390
55043961100,8,Grant County,10,590,1383
55043961200,8,Grant County,2,118,1381
55045960100,10,Green County,57,2622,939
55045960200,10,Green County,67,3082,941
55045960300,10,Green County,63,2898,938
55045960400,10,Green County,3,138,934
55045960500,10,Green County,1,46,936
55045960600,10,Green County,1,46,935
55045960700,9,Green County,95,4370,940
55045960800,10,Green County,10,460,937
55047100100,3,Green Lake County,8,32,46
55047100200,3,Green Lake County,1,4,45
55047100300,2,Green Lake County,49,196,42
55047100400,3,Green Lake County,28,112,41
55047100500,3,Green Lake County,28,112,40
55047100600,3,Green Lake County,44,176,39
55049950100,9,Iowa County,58,174,21
55049950200,9,Iowa County,61,183,20
55049950300,4,Iowa County,52,156,18
55049950400,9,Iowa County,13,39,17
55049950500,9,Iowa County,63,189,19
55049950600,9,Iowa County,15,45,16
55051180100,1,Iron County,0,0,54
55051180200,1,Iron County,12,12,56
55051180300,1,Iron County,11,11,52
55051990000,1,Iron County,5,5,57
55053960100,5,Jackson County,47,2068,774
55053960200,6,Jackson County,12,528,775
55053960300,5,Jackson County,16,704,777
55053960400,5,Jackson County,35,1540,778
55053960500,5,Jackson County,0,0,776
55055100100,4,Jefferson County,2,10,64
55055100200,4,Jefferson County,0,0,63
55055100300,3,Jefferson County,5,25,62
55055100400,4,Jefferson County,39,195,65
55055100500,4,Jefferson County,4,20,85
55055100601,4,Jefferson County,14,70,80
55055100602,5,Jefferson County,27,135,83
55055100700,4,Jefferson County,22,110,82
55055100800,4,Jefferson County,35,175,78
55055100900,4,Jefferson County,47,235,76
55055101000,4,Jefferson County,1,5,81
55055101100,4,Jefferson County,3,15,71
55055101201,4,Jefferson County,27,135,84
55055101202,5,Jefferson County,7,35,72
55055101300,4,Jefferson County,1,5,75
55055101400,4,Jefferson County,1,5,74
55055101500,4,Jefferson County,2,10,73
55055101600,4,Jefferson County,33,165,79
55055101701,4,Jefferson County,18,90,77
55055101702,4,Jefferson County,26,130,61
55057100100,4,Juneau County,38,380,70
55057100200,4,Juneau County,11,110,67
55057100300,4,Juneau County,9,90,58
55057100400,4,Juneau County,4,40,68
55057100500,4,Juneau County,1,10,59
55057100600,4,Juneau County,8,80,60
55057100700,4,Juneau County,13,130,69
55059000100,5,Kenosha County,2,28,180
55059000300,5,Kenosha County,1,14,179
55059000400,5,Kenosha County,0,0,164
55059000500,5,Kenosha County,0,0,163
55059000601,5,Kenosha County,11,154,189
55059000602,5,Kenosha County,1,14,188
55059000700,5,Kenosha County,1,14,162
55059000800,4,Kenosha County,0,0,38
55059000900,5,Kenosha County,0,0,37
55059001000,5,Kenosha County,2,28,178
55059001100,5,Kenosha County,0,0,36
55059001200,5,Kenosha County,0,0,35
55059001300,5,Kenosha County,0,0,34
55059001400,5,Kenosha County,0,0,194
55059001500,5,Kenosha County,1,14,193
55059001600,7,Kenosha County,0,0,192
55059001700,5,Kenosha County,0,0,33
55059001800,5,Kenosha County,0,0,32
55059001900,5,Kenosha County,0,0,177
55059002000,5,Kenosha County,3,42,167
55059002100,5,Kenosha County,0,0,31
55059002200,5,Kenosha County,0,0,30
55059002300,5,Kenosha County,1,14,29
55059002400,5,Kenosha County,1,14,191
55059002500,5,Kenosha County,0,0,190
55059002601,5,Kenosha County,2,28,187
55059002602,5,Kenosha County,11,154,186
55059002700,5,Kenosha County,18,252,165
55059002800,5,Kenosha County,39,546,166
55059002903,5,Kenosha County,7,98,183
55059002904,6,Kenosha County,7,98,184
55059002905,5,Kenosha County,3,42,185
55059002906,5,Kenosha County,5,70,161
55059003001,5,Kenosha County,6,84,181
55059003002,5,Kenosha County,7,98,182
55061960100,4,Kewaunee County,0,0,66
55061960200,4,Kewaunee County,14,126,55
55061960400,4,Kewaunee County,24,216,53
55061960500,4,Kewaunee County,14,126,51
55063000100,5,La Crosse County,2,22,95
55063000200,5,La Crosse County,2,22,120
55063000300,4,La Crosse County,2,22,126
55063000400,5,La Crosse County,2,22,97
55063000500,5,La Crosse County,0,0,93
55063000600,5,La Crosse County,0,0,94
55063000700,6,La Crosse County,1,11,122
55063000800,5,La Crosse County,1,11,92
55063000900,5,La Crosse County,3,33,121
55063001000,5,La Crosse County,0,0,87
55063001101,5,La Crosse County,0,0,91
55063001102,5,La Crosse County,1,11,118
55063001200,5,La Crosse County,0,0,86
55063010101,5,La Crosse County,81,891,125
55063010102,5,La Crosse County,2,22,128
55063010201,5,La Crosse County,41,451,127
55063010202,5,La Crosse County,30,330,129
55063010203,5,La Crosse County,6,66,98
55063010300,5,La Crosse County,3,33,99
55063010401,5,La Crosse County,10,110,123
55063010402,5,La Crosse County,2,22,101
55063010500,5,La Crosse County,1,11,119
55063010600,5,La Crosse County,12,132,96
55063010700,5,La Crosse County,25,275,124
55063010800,4,La Crosse County,73,803,100
55065970100,8,Lafayette County,25,1525,1379
55065970200,8,Lafayette County,21,1281,1377
55065970300,8,Lafayette County,35,2135,1376
55065970400,8,Lafayette County,15,915,1375
55065970500,7,Lafayette County,45,2745,1378
55067960100,4,Langlade County,22,616,441
55067960300,4,Langlade County,11,308,442
55067960400,4,Langlade County,7,196,439
55067960500,4,Langlade County,29,812,440
55067960600,4,Langlade County,0,0,438
55067960700,4,Langlade County,0,0,437
55069960100,1,Lincoln County,13,923,1231
55069960200,1,Lincoln County,1,71,1230
55069960300,1,Lincoln County,8,568,1229
55069960400,1,Lincoln County,42,2982,1228
55069960500,1,Lincoln County,8,568,1233
55069960600,1,Lincoln County,16,1136,1227
55069960700,2,Lincoln County,14,994,1232
55069960800,0,Lincoln County,0,0,1226
55069960900,1,Lincoln County,0,0,1225
55069961000,1,Lincoln County,0,0,1207
55071000100,7,Manitowoc County,1,64,1176
55071000200,9,Manitowoc County,0,0,1150
55071000300,7,Manitowoc County,0,0,1149
55071000400,3,Manitowoc County,1,64,1175
55071000500,7,Manitowoc County,0,0,1148
55071000600,7,Manitowoc County,1,64,1147
55071000700,7,Manitowoc County,0,0,1174
55071000800,7,Manitowoc County,2,128,1159
55071005100,7,Manitowoc County,1,64,1158
55071005200,7,Manitowoc County,1,64,1131
55071005300,7,Manitowoc County,0,0,1130
55071005400,8,Manitowoc County,0,0,1157
55071010100,7,Manitowoc County,14,896,1156
55071010200,7,Manitowoc County,17,1088,1152
55071010300,7,Manitowoc County,18,1152,1155
55071010400,7,Manitowoc County,18,1152,1154
55071010500,7,Manitowoc County,6,384,1146
55071010600,7,Manitowoc County,15,960,1153
55071010700,7,Manitowoc County,0,0,1151
55073000100,8,Marathon County,0,0,1142
55073000200,8,Marathon County,0,0,1141
55073000300,8,Marathon County,0,0,1140
55073000400,6,Marathon County,1,67,1196
55073000500,8,Marathon County,0,0,1139
55073000601,8,Marathon County,0,0,1194
55073000602,8,Marathon County,1,67,1193
55073000700,8,Marathon County,0,0,1138
55073000800,8,Marathon County,1,67,1163
55073000900,8,Marathon County,0,0,1162
55073001000,8,Marathon County,0,0,1167
55073001102,9,Marathon County,17,1139,1164
55073001103,8,Marathon County,0,0,1161
55073001104,8,Marathon County,1,67,1160
55073001201,8,Marathon County,15,1005,1197
55073001202,8,Marathon County,9,603,1195
55073001300,8,Marathon County,5,335,1166
55073001400,8,Marathon County,5,335,1165
55073001500,8,Marathon County,21,1407,1200
55073001600,8,Marathon County,68,4556,1202
55073001700,8,Marathon County,45,3015,1203
55073001800,5,Marathon County,52,3484,1204
55073001900,8,Marathon County,29,1943,1199
55073002000,8,Marathon County,16,1072,1198
55073002100,8,Marathon County,26,1742,1201
55073002200,8,Marathon County,20,1340,1206
55073002300,8,Marathon County,47,3149,1205
55075960100,3,Marinette County,8,280,606
55075960200,3,Marinette County,51,1785,630
55075960600,0,Marinette County,14,490,631
55075960700,3,Marinette County,20,700,629
55075960800,2,Marinette County,6,210,605
55075960900,3,Marinette County,19,665,604
55075961000,3,Marinette County,20,700,607
55075961100,3,Marinette County,6,210,603
55075961200,3,Marinette County,0,0,601
55075961300,3,Marinette County,0,0,600
55075961400,3,Marinette County,0,0,599
55075961500,3,Marinette County,1,35,602
55075990000,3,Marinette County,5,175,598
55077960100,4,Marquette County,15,840,1180
55077960200,4,Marquette County,13,728,1179
55077960300,4,Marquette County,7,392,1181
55077960400,4,Marquette County,10,560,1178
55077960500,4,Marquette County,9,504,1177
55078940101,0,Menominee County,1,37,580
55078940102,0,Menominee County,9,333,581
55079000101,2,Milwaukee County,1,51,753
55079000102,2,Milwaukee County,2,102,733
55079000201,2,Milwaukee County,2,102,1059
55079000202,2,Milwaukee County,3,153,968
55079000301,2,Milwaukee County,0,0,832
55079000302,2,Milwaukee County,1,51,793
55079000303,2,Milwaukee County,0,0,792
55079000304,2,Milwaukee County,1,51,833
55079000400,2,Milwaukee County,1,51,840
55079000501,2,Milwaukee County,4,204,865
55079000502,2,Milwaukee County,0,0,803
55079000600,0,Milwaukee County,3,153,761
55079000700,2,Milwaukee County,1,51,1061
55079000800,2,Milwaukee County,0,0,1062
55079000900,2,Milwaukee County,4,204,791
55079001000,4,Milwaukee County,1,51,766
55079001100,2,Milwaukee County,1,51,795
55079001200,2,Milwaukee County,0,0,1058
55079001300,2,Milwaukee County,0,0,764
55079001400,1,Milwaukee County,0,0,802
55079001500,2,Milwaukee County,1,51,788
55079001600,2,Milwaukee County,1,51,835
55079001700,2,Milwaukee County,0,0,801
55079001800,2,Milwaukee County,0,0,790
55079001900,2,Milwaukee County,0,0,763
55079002000,2,Milwaukee County,0,0,794
55079002100,2,Milwaukee County,0,0,1057
55079002200,2,Milwaukee County,0,0,1026
55079002300,2,Milwaukee County,2,102,1025
55079002400,2,Milwaukee County,0,0,770
55079002500,2,Milwaukee County,1,51,765
55079002600,2,Milwaukee County,0,0,1037
55079002700,2,Milwaukee County,1,51,1036
55079002800,2,Milwaukee County,0,0,800
55079002900,2,Milwaukee County,0,0,722
55079003000,2,Milwaukee County,0,0,1060
55079003100,2,Milwaukee County,0,0,745
55079003200,2,Milwaukee County,1,51,686
55079003300,2,Milwaukee County,2,102,760
55079003400,2,Milwaukee County,2,102,1084
55079003500,2,Milwaukee County,0,0,759
55079003600,2,Milwaukee County,0,0,746
55079003700,2,Milwaukee County,0,0,694
55079003800,2,Milwaukee County,1,51,696
55079003900,2,Milwaukee County,0,0,980
55079004000,2,Milwaukee County,0,0,829
55079004100,2,Milwaukee County,2,102,888
55079004200,2,Milwaukee County,0,0,1086
55079004300,2,Milwaukee County,0,0,796
55079004400,2,Milwaukee County,0,0,1002
55079004500,2,Milwaukee County,0,0,910
55079004600,2,Milwaukee County,0,0,1082
55079004700,2,Milwaukee County,0,0,981
55079004800,2,Milwaukee County,1,51,693
55079004900,4,Milwaukee County,1,51,692
55079005000,2,Milwaukee County,0,0,834
55079005100,2,Milwaukee County,1,51,830
55079005200,2,Milwaukee County,0,0,712
55079005300,2,Milwaukee County,0,0,1034
55079005400,2,Milwaukee County,1,51,689
55079005500,2,Milwaukee County,0,0,714
55079005600,2,Milwaukee County,3,153,740
55079005700,2,Milwaukee County,0,0,744
55079005800,2,Milwaukee County,0,0,762
55079005900,2,Milwaukee County,0,0,741
55079006000,2,Milwaukee County,0,0,893
55079006100,2,Milwaukee County,0,0,1052
55079006200,2,Milwaukee County,0,0,943
55079006300,2,Milwaukee County,0,0,690
55079006400,2,Milwaukee County,0,0,985
55079006500,2,Milwaukee County,0,0,867
55079006600,2,Milwaukee County,0,0,1077
55079006700,2,Milwaukee County,0,0,977
55079006800,2,Milwaukee County,1,51,869
55079006900,2,Milwaukee County,0,0,784
55079007000,2,Milwaukee County,3,153,973
55079007100,2,Milwaukee County,1,51,951
55079007200,2,Milwaukee County,0,0,952
55079007300,2,Milwaukee County,0,0,1028
55079007400,2,Milwaukee County,1,51,1027
55079007500,2,Milwaukee County,0,0,996
55079007600,2,Milwaukee County,0,0,945
55079007700,2,Milwaukee County,0,0,700
55079007800,2,Milwaukee County,1,51,889
55079007900,2,Milwaukee County,0,0,971
55079008000,2,Milwaukee County,0,0,970
55079008100,2,Milwaukee County,0,0,822
55079008400,2,Milwaukee County,0,0,912
55079008500,2,Milwaukee County,0,0,997
55079008600,2,Milwaukee County,0,0,976
55079008700,2,Milwaukee County,0,0,975
55079008800,2,Milwaukee County,0,0,984
55079008900,2,Milwaukee County,0,0,691
55079009000,2,Milwaukee County,0,0,988
55079009100,2,Milwaukee County,0,0,990
55079009200,2,Milwaukee County,0,0,897
55079009300,2,Milwaukee County,0,0,992
55079009400,2,Milwaukee County,0,0,1004
55079009500,2,Milwaukee County,0,0,991
55079009600,2,Milwaukee County,3,153,898
55079009700,2,Milwaukee County,0,0,987
55079009800,2,Milwaukee County,1,51,1056
55079009900,2,Milwaukee County,0,0,986
55079010600,2,Milwaukee County,0,0,969
55079010700,2,Milwaukee County,0,0,890
55079010800,2,Milwaukee County,0,0,1042
55079011000,2,Milwaukee County,0,0,947
55079011100,2,Milwaukee County,0,0,839
55079011200,2,Milwaukee County,1,51,914
55079011300,2,Milwaukee County,0,0,706
55079011400,2,Milwaukee County,0,0,946
55079012200,2,Milwaukee County,0,0,908
55079012300,2,Milwaukee County,0,0,895
55079012400,3,Milwaukee County,1,51,993
55079012500,3,Milwaukee County,0,0,1053
55079012600,2,Milwaukee County,1,51,1024
55079012700,2,Milwaukee County,1,51,979
55079012800,4,Milwaukee County,2,102,1083
55079012900,2,Milwaukee County,0,0,1031
55079013000,2,Milwaukee County,0,0,743
55079013300,2,Milwaukee County,0,0,723
55079013400,2,Milwaukee County,0,0,894
55079013500,2,Milwaukee County,0,0,1078
55079013600,2,Milwaukee County,0,0,716
55079013700,2,Milwaukee County,1,51,994
55079014100,2,Milwaukee County,0,0,891
55079014300,2,Milwaukee County,0,0,871
55079014400,2,Milwaukee County,0,0,998
55079014600,2,Milwaukee County,0,0,719
55079014700,2,Milwaukee County,0,0,828
55079014800,4,Milwaukee County,1,51,713
55079014900,0,Milwaukee County,1,51,1080
55079015700,2,Milwaukee County,0,0,999
55079015800,2,Milwaukee County,0,0,902
55079015900,6,Milwaukee County,0,0,900
55079016000,2,Milwaukee County,0,0,717
55079016100,2,Milwaukee County,1,51,972
55079016200,2,Milwaukee County,0,0,913
55079016300,2,Milwaukee County,1,51,758
55079016400,2,Milwaukee County,0,0,756
55079016500,2,Milwaukee County,2,102,1033
55079016600,2,Milwaukee County,0,0,1032
55079016700,2,Milwaukee County,0,0,876
55079016800,2,Milwaukee County,0,0,878
55079016900,2,Milwaukee County,0,0,757
55079017000,2,Milwaukee County,1,51,1039
55079017100,2,Milwaukee County,0,0,1038
55079017200,2,Milwaukee County,0,0,1030
55079017300,2,Milwaukee County,0,0,827
55079017400,2,Milwaukee County,0,0,715
55079017500,2,Milwaukee County,0,0,879
55079017600,5,Milwaukee County,1,51,877
55079017900,2,Milwaukee County,1,51,843
55079018000,2,Milwaukee County,1,51,704
55079018100,2,Milwaukee County,0,0,942
55079018200,2,Milwaukee County,0,0,915
55079018300,2,Milwaukee County,0,0,768
55079018400,2,Milwaukee County,0,0,948
55079018500,0,Milwaukee County,0,0,718
55079018600,5,Milwaukee County,0,0,720
55079018700,2,Milwaukee County,1,51,842
55079018800,2,Milwaukee County,0,0,861
55079018900,2,Milwaukee County,0,0,837
55079019000,2,Milwaukee County,1,51,783
55079019100,2,Milwaukee County,0,0,901
55079019200,2,Milwaukee County,0,0,860
55079019300,2,Milwaukee County,1,51,789
55079019400,2,Milwaukee County,0,0,873
55079019500,2,Milwaukee County,1,51,953
55079019600,2,Milwaukee County,0,0,859
55079019700,8,Milwaukee County,0,0,797
55079019800,2,Milwaukee County,0,0,872
55079019900,2,Milwaukee County,1,51,697
55079020000,2,Milwaukee County,0,0,707
55079020100,2,Milwaukee County,1,51,899
55079020200,2,Milwaukee County,0,0,804
55079020300,2,Milwaukee County,0,0,874
55079020400,2,Milwaukee County,0,0,989
55079020500,2,Milwaukee County,1,51,799
55079020600,3,Milwaukee County,2,102,841
55079020700,2,Milwaukee County,0,0,920
55079020800,2,Milwaukee County,1,51,1088
55079020900,2,Milwaukee County,0,0,1089
55079021000,2,Milwaukee County,0,0,838
55079021100,2,Milwaukee County,0,0,892
55079021200,2,Milwaukee County,1,51,974
55079021300,2,Milwaukee County,0,0,836
55079021400,2,Milwaukee County,0,0,1054
55079021500,2,Milwaukee County,2,102,769
55079021600,2,Milwaukee County,2,102,1055
55079021700,2,Milwaukee County,2,102,1081
55079021800,2,Milwaukee County,0,0,771
55079030100,2,Milwaukee County,5,255,983
55079035100,2,Milwaukee County,3,153,785
55079035200,2,Milwaukee County,1,51,786
55079040100,2,Milwaukee County,7,357,711
55079050101,2,Milwaukee County,1,51,742
55079050102,2,Milwaukee County,4,204,1063
55079060101,2,Milwaukee County,4,204,739
55079060102,2,Milwaukee County,1,51,752
55079060200,2,Milwaukee County,3,153,1001
55079070100,2,Milwaukee County,1,51,868
55079070200,2,Milwaukee County,1,51,866
55079070300,2,Milwaukee County,2,102,995
55079080100,2,Milwaukee County,0,0,824
55079080200,2,Milwaukee County,0,0,864
55079080300,2,Milwaukee County,0,0,1087
55079080400,2,Milwaukee County,1,51,698
55079090100,2,Milwaukee County,1,51,1005
55079090200,2,Milwaukee County,1,51,1019
55079090300,2,Milwaukee County,4,204,1023
55079090600,2,Milwaukee County,1,51,1040
55079090700,2,Milwaukee County,0,0,1079
55079090800,2,Milwaukee County,0,0,1020
55079090900,2,Milwaukee County,0,0,1035
55079091000,2,Milwaukee County,2,102,1022
55079091100,2,Milwaukee County,2,102,831
55079091200,2,Milwaukee County,1,51,1003
55079091300,2,Milwaukee County,0,0,978
55079091400,2,Milwaukee County,0,0,1051
55079100100,2,Milwaukee County,0,0,823
55079100200,0,Milwaukee County,1,51,982
55079100300,2,Milwaukee County,1,51,916
55079100400,2,Milwaukee County,0,0,903
55079100500,2,Milwaukee County,0,0,688
55079100600,2,Milwaukee County,0,0,919
55079100700,2,Milwaukee County,0,0,917
55079100800,2,Milwaukee County,2,102,1041
55079100900,2,Milwaukee County,2,102,896
55079101000,2,Milwaukee County,1,51,825
55079101100,7,Milwaukee County,0,0,944
55079101200,2,Milwaukee County,2,102,909
55079101300,4,Milwaukee County,1,51,826
55079101400,2,Milwaukee County,0,0,918
55079101500,2,Milwaukee County,1,51,1076
55079101600,2,Milwaukee County,0,0,954
55079101700,2,Milwaukee County,0,0,1075
55079101800,2,Milwaukee County,0,0,751
55079110100,1,Milwaukee County,2,102,1029
55079120101,2,Milwaukee County,3,153,732
55079120102,2,Milwaukee County,5,255,703
55079120201,2,Milwaukee County,0,0,773
55079120202,2,Milwaukee County,0,0,863
55079120203,2,Milwaukee County,1,51,1085
55079120300,2,Milwaukee County,0,0,911
55079120400,2,Milwaukee County,4,204,708
55079120501,2,Milwaukee County,0,0,709
55079120502,2,Milwaukee County,2,102,695
55079130100,2,Milwaukee County,1,51,747
55079130200,2,Milwaukee County,0,0,787
55079140100,2,Milwaukee County,2,102,772
55079140201,2,Milwaukee County,1,51,748
55079140202,2,Milwaukee County,2,102,721
55079150100,2,Milwaukee County,7,357,1064
55079150301,2,Milwaukee County,11,561,921
55079150303,2,Milwaukee County,1,51,705
55079150304,2,Milwaukee County,4,204,702
55079160100,2,Milwaukee County,7,357,710
55079160202,3,Milwaukee County,4,204,870
55079160203,2,Milwaukee County,2,102,734
55079160204,2,Milwaukee County,2,102,701
55079160300,2,Milwaukee County,17,867,950
55079170100,2,Milwaukee County,2,102,750
55079170200,2,Milwaukee County,1,51,1021
55079170300,2,Milwaukee County,1,51,1000
55079170400,2,Milwaukee County,0,0,699
55079170500,2,Milwaukee County,0,0,1043
55079170600,2,Milwaukee County,1,51,955
55079170700,2,Milwaukee County,1,51,875
55079180100,2,Milwaukee County,2,102,749
55079180200,2,Milwaukee County,0,0,805
55079180300,2,Milwaukee County,1,51,949
55079180400,2,Milwaukee County,2,102,767
55079180500,2,Milwaukee County,1,51,687
55079185100,2,Milwaukee County,5,255,798
55079185200,2,Milwaukee County,1,51,862
55079185300,2,Milwaukee County,2,102,1072
55079185400,1,Milwaukee County,0,0,679
55079185500,2,Milwaukee County,0,0,681
55079185600,2,Milwaukee County,1,51,683
55079185700,5,Milwaukee County,0,0,684
55079185800,2,Milwaukee County,0,0,678
55079185900,2,Milwaukee County,0,0,680
55079186000,2,Milwaukee County,1,51,682
55079186100,2,Milwaukee County,0,0,677
55079186200,2,Milwaukee County,0,0,676
55079186300,2,Milwaukee County,0,0,1074
55079186400,2,Milwaukee County,0,0,1073
55079186500,2,Milwaukee County,1,51,1070
55079186600,2,Milwaukee County,1,51,1071
55079186800,2,Milwaukee County,0,0,736
55079186900,2,Milwaukee County,0,0,737
55079187000,2,Milwaukee County,0,0,738
55079187200,2,Milwaukee County,11,561,685
55079187300,2,Milwaukee County,1,51,735
55079187400,2,Milwaukee County,1,51,754
55079980000,2,Milwaukee County,2,102,755
55081950100,5,Monroe County,25,825,615
55081950200,5,Monroe County,35,1155,620
55081950300,5,Monroe County,1,33,612
55081950400,5,Monroe County,1,33,617
55081950500,5,Monroe County,4,132,619
55081950600,4,Monroe County,2,66,613
55081950700,5,Monroe County,22,726,614
55081950800,6,Monroe County,24,792,618
55081950900,5,Monroe County,12,396,616
55083100300,1,Oconto County,25,200,107
55083100500,1,Oconto County,19,152,105
55083100600,3,Oconto County,17,136,106
55083100700,1,Oconto County,5,40,104
55083100800,1,Oconto County,6,48,103
55083100900,1,Oconto County,4,32,111
55083101000,0,Oconto County,5,40,110
55083101100,1,Oconto County,12,96,109
55083101200,1,Oconto County,5,40,102
55083101300,1,Oconto County,11,88,108
55083990000,1,Oconto County,13,104,112
55085970101,0,Oneida County,7,84,138
55085970102,0,Oneida County,46,552,140
55085970400,0,Oneida County,3,36,157
55085970500,0,Oneida County,3,36,156
55085970601,0,Oneida County,3,36,136
55085970602,0,Oneida County,24,288,135
55085970800,0,Oneida County,6,72,141
55085970900,1,Oneida County,11,132,144
55085971001,0,Oneida County,28,336,137
55085971002,0,Oneida County,19,228,139
55085971100,0,Oneida County,3,36,143
55085971300,0,Oneida County,3,36,158
55085971400,0,Oneida County,0,0,142
55085971500,0,Oneida County,0,0,145
55087010100,1,Outagamie County,1,57,1098
55087010200,0,Outagamie County,1,57,1097
55087010300,0,Outagamie County,0,0,1400
55087010500,0,Outagamie County,1,57,1398
55087010601,0,Outagamie County,0,0,1397
55087010602,0,Outagamie County,1,57,1396
55087010700,6,Outagamie County,0,0,1395
55087010800,0,Outagamie County,0,0,1394
55087010900,0,Outagamie County,0,0,1393
55087011000,0,Outagamie County,1,57,1392
55087011101,2,Outagamie County,2,114,1363
55087011102,0,Outagamie County,1,57,1362
55087011200,0,Outagamie County,0,0,1361
55087011300,0,Outagamie County,0,0,1360
55087011400,0,Outagamie County,0,0,1359
55087011501,2,Outagamie County,1,57,1358
55087011502,0,Outagamie County,1,57,1357
55087011600,0,Outagamie County,1,57,1356
55087011700,0,Outagamie County,0,0,1347
55087011800,0,Outagamie County,0,0,1346
55087011900,0,Outagamie County,3,171,1323
55087012000,0,Outagamie County,1,57,1353
55087012100,4,Outagamie County,1,57,1352
55087012200,0,Outagamie County,0,0,1350
55087012300,0,Outagamie County,0,0,1349
55087012400,0,Outagamie County,2,114,1348
55087012503,0,Outagamie County,3,171,1291
55087012504,4,Outagamie County,1,57,1292
55087012505,0,Outagamie County,4,228,1290
55087012506,0,Outagamie County,4,228,1320
55087012601,0,Outagamie County,8,456,1294
55087012602,0,Outagamie County,36,2052,1319
55087012700,0,Outagamie County,28,1596,1351
55087012800,0,Outagamie County,82,4674,1354
55087012901,0,Outagamie County,26,1482,1293
55087012902,0,Outagamie County,22,1254,1318
55087013100,3,Outagamie County,35,1995,1321
55087013200,0,Outagamie County,101,5757,1355
55087013300,0,Outagamie County,30,1710,1399
55087940000,0,Outagamie County,41,2337,1322
55089610101,1,Ozaukee County,17,1105,1295
55089610102,4,Ozaukee County,16,1040,1296
55089620100,1,Ozaukee County,13,845,1331
55089630100,2,Ozaukee County,0,0,1326
55089630201,1,Ozaukee County,7,455,1328
55089630202,1,Ozaukee County,4,260,1325
55089640100,1,Ozaukee County,1,65,1330
55089640200,1,Ozaukee County,12,780,1327
55089650101,1,Ozaukee County,0,0,1334
55089650102,1,Ozaukee County,0,0,1324
55089650200,1,Ozaukee County,0,0,1333
55089650300,1,Ozaukee County,5,325,1332
55089660100,1,Ozaukee County,1,65,1299
55089660201,1,Ozaukee County,11,715,1297
55089660202,1,Ozaukee County,3,195,1298
55089660301,1,Ozaukee County,5,325,1336
55089660303,1,Ozaukee County,3,195,1329
55089660304,3,Ozaukee County,0,0,1335
55091950100,5,Pepin County,9,369,667
55091950200,5,Pepin County,12,492,668
55093960100,6,Pierce County,7,105,131
55093960200,6,Pierce County,14,210,133
55093960300,6,Pierce County,0,0,130
55093960400,6,Pierce County,0,0,113
55093960500,6,Pierce County,8,120,134
55093960600,3,Pierce County,9,135,114
55093960700,6,Pierce County,7,105,115
55093960800,6,Pierce County,14,210,132
55095960100,2,Polk County,20,260,172
55095960200,2,Polk County,7,91,170
55095960300,2,Polk County,13,169,175
55095960500,2,Polk County,6,78,174
55095960600,2,Polk County,6,78,159
55095960700,2,Polk County,7,91,173
55095960800,2,Polk County,8,104,171
55095960900,2,Polk County,12,156,176
55095961000,2,Polk County,6,78,160
55095961100,4,Polk County,17,221,169
55097960100,9,Portage County,30,1980,1123
55097960200,9,Portage County,46,3036,1119
55097960300,9,Portage County,1,66,1118
55097960400,9,Portage County,1,66,1105
55097960500,9,Portage County,5,330,1117
55097960600,9,Portage County,15,990,1121
55097960701,9,Portage County,0,0,1099
55097960702,9,Portage County,1,66,1100
55097960800,9,Portage County,0,0,1104
55097960900,9,Portage County,1,66,1102
55097961000,11,Portage County,0,0,1101
55097961100,9,Portage County,10,660,1103
55097961200,5,Portage County,22,1452,1120
55097961300,4,Portage County,30,1980,1122
55099970100,0,Price County,23,1127,961
55099970200,0,Price County,0,0,960
55099970400,0,Price County,10,490,958
55099970500,3,Price County,2,98,957
55099970600,0,Price County,9,441,956
55099970700,1,Price County,7,343,959
55101000100,2,Racine County,0,0,353
55101000200,2,Racine County,1,31,352
55101000300,2,Racine County,0,0,351
55101000400,2,Racine County,0,0,350
55101000500,2,Racine County,1,31,331
55101000600,3,Racine County,1,31,392
55101000700,2,Racine County,1,31,330
55101000800,2,Racine County,3,93,391
55101000901,2,Racine County,2,62,390
55101000903,2,Racine County,0,0,393
55101000904,2,Racine County,1,31,389
55101001001,2,Racine County,0,0,388
55101001002,2,Racine County,0,0,329
55101001003,2,Racine County,1,31,328
55101001100,2,Racine County,0,0,387
55101001201,2,Racine County,4,124,417
55101001202,2,Racine County,0,0,357
55101001301,2,Racine County,1,31,327
55101001302,2,Racine County,1,31,326
55101001400,2,Racine County,2,62,416
55101001501,2,Racine County,6,186,415
55101001502,2,Racine County,8,248,414
55101001504,2,Racine County,2,62,287
55101001505,2,Racine County,0,0,314
55101001601,2,Racine County,20,620,413
55101001602,2,Racine County,3,93,412
55101001701,2,Racine County,1,31,354
55101001702,1,Racine County,5,155,356
55101001703,2,Racine County,11,341,355
55101001705,2,Racine County,3,93,290
55101001706,2,Racine County,1,31,313
55101001801,2,Racine County,9,279,289
55101001802,2,Racine County,25,775,312
55101001900,0,Racine County,29,899,325
55101002001,2,Racine County,1,31,288
55101002002,1,Racine County,20,620,311
55101002100,2,Racine County,21,651,395
55101002401,2,Racine County,7,217,443
55101002402,5,Racine County,4,124,419
55101002600,2,Racine County,13,403,418
55101002701,2,Racine County,4,124,309
55101002702,2,Racine County,14,434,310
55101002800,2,Racine County,26,806,324
55101980000,2,Racine County,0,0,394
55103970100,4,Richland County,11,473,484
55103970200,6,Richland County,26,1118,486
55103970300,6,Richland County,0,0,482
55103970400,6,Richland County,0,0,483
55103970500,6,Richland County,18,774,485
55105000100,14,Rock County,1,47,781
55105000200,14,Rock County,0,0,850
55105000300,14,Rock County,0,0,817
55105000400,14,Rock County,0,0,849
55105000500,14,Rock County,2,94,848
55105000600,14,Rock County,0,0,816
55105000700,14,Rock County,0,0,847
55105000800,14,Rock County,0,0,846
55105000900,14,Rock County,0,0,845
55105001000,14,Rock County,3,141,844
55105001100,14,Rock County,2,94,821
55105001201,14,Rock County,25,1175,780
55105001202,14,Rock County,14,658,815
55105001302,14,Rock County,25,1175,820
55105001303,15,Rock County,21,987,782
55105001304,14,Rock County,0,0,779
55105001400,14,Rock County,15,705,819
55105001500,17,Rock County,0,0,906
55105001600,14,Rock County,0,0,905
55105001700,14,Rock County,0,0,904
55105001800,14,Rock County,1,47,887
55105001900,14,Rock County,0,0,886
55105002000,14,Rock County,0,0,885
55105002100,14,Rock County,1,47,884
55105002200,9,Rock County,19,893,883
55105002300,14,Rock County,0,0,882
55105002400,8,Rock County,4,188,881
55105002500,14,Rock County,0,0,880
55105002601,14,Rock County,5,235,858
55105002602,14,Rock County,28,1316,857
55105002700,14,Rock County,56,2632,907
55105002800,14,Rock County,79,3713,854
55105002900,14,Rock County,52,2444,853
55105003001,14,Rock County,1,47,852
55105003002,17,Rock County,36,1692,851
55105003100,12,Rock County,32,1504,818
55105003200,14,Rock County,74,3478,856
55105003300,14,Rock County,44,2068,855
55107960100,0,Rusk County,19,418,360
55107960200,0,Rusk County,20,440,362
55107960300,0,Rusk County,4,88,361
55107960400,0,Rusk County,10,220,359
55107960500,0,Rusk County,0,0,358
55109120100,6,St. Croix County,0,0,1339
55109120201,6,St. Croix County,0,0,1306
55109120202,6,St. Croix County,1,58,1338
55109120300,6,St. Croix County,0,0,1341
55109120400,6,St. Croix County,12,696,1340
55109120501,6,St. Croix County,10,580,1304
55109120502,6,St. Croix County,1,58,1307
55109120600,6,St. Croix County,28,1624,1345
55109120700,6,St. Croix County,28,1624,1344
55109120800,4,St. Croix County,19,1102,1343
55109120901,6,St. Croix County,1,58,1305
55109120903,6,St. Croix County,5,290,1303
55109120904,6,St. Croix County,18,1044,1337
55109121000,6,St. Croix County,10,580,1342
55111000100,8,Sauk County,38,2052,1016
55111000200,5,Sauk County,43,2322,1017
55111000300,5,Sauk County,3,162,1012
55111000401,5,Sauk County,1,54,1007
55111000402,5,Sauk County,10,540,1009
55111000500,5,Sauk County,50,2700,1014
55111000600,5,Sauk County,40,2160,1013
55111000700,5,Sauk County,1,54,1011
55111000800,5,Sauk County,37,1998,1010
55111000900,5,Sauk County,64,3456,1018
55111001001,4,Sauk County,4,216,1006
55111001002,5,Sauk County,3,162,1008
55111001100,5,Sauk County,75,4050,1015
55113100300,0,Sawyer County,3,72,303
55113100400,0,Sawyer County,4,96,302
55113100500,0,Sawyer County,16,384,298
55113100700,0,Sawyer County,9,216,301
55113100800,0,Sawyer County,19,456,300
55113940000,0,Sawyer County,10,240,299
55115100100,4,Shawano County,10,600,1367
55115100200,4,Shawano County,0,0,1366
55115100300,5,Shawano County,3,180,1365
55115100400,4,Shawano County,1,60,1369
55115100500,4,Shawano County,1,60,1364
55115100600,4,Shawano County,22,1320,1370
55115100700,3,Shawano County,23,1380,1374
55115100800,4,Shawano County,18,1080,1373
55115100900,4,Shawano County,19,1140,1368
55115101000,4,Shawano County,17,1020,1372
55115101100,4,Shawano County,18,1080,1371
55117000100,2,Sheboygan County,1,63,1137
55117000201,2,Sheboygan County,0,0,1094
55117000202,2,Sheboygan County,0,0,1096
55117000300,2,Sheboygan County,2,126,1109
55117000400,2,Sheboygan County,2,126,1108
55117000500,5,Sheboygan County,0,0,1107
55117000800,2,Sheboygan County,0,0,1136
55117000900,2,Sheboygan County,0,0,1112
55117001000,2,Sheboygan County,0,0,1106
55117001100,2,Sheboygan County,1,63,1135
55117010100,2,Sheboygan County,16,1008,1134
55117010200,2,Sheboygan County,5,315,1124
55117010300,2,Sheboygan County,13,819,1126
55117010400,2,Sheboygan County,21,1323,1125
55117010501,2,Sheboygan County,3,189,1093
55117010502,2,Sheboygan County,6,378,1090
55117010601,2,Sheboygan County,0,0,1092
55117010602,2,Sheboygan County,9,567,1095
55117010700,2,Sheboygan County,3,189,1133
55117010800,2,Sheboygan County,5,315,1132
55117010900,2,Sheboygan County,11,693,1111
55117011000,2,Sheboygan County,6,378,1127
55117011100,2,Sheboygan County,16,1008,1110
55117011200,2,Sheboygan County,10,630,1128
55117011300,4,Sheboygan County,21,1323,1129
55117011400,2,Sheboygan County,0,0,1091
55119960100,1,Taylor County,11,352,265
55119960200,0,Taylor County,23,736,264
55119960300,0,Taylor County,12,384,266
55119960400,0,Taylor County,7,224,262
55119960500,0,Taylor County,0,0,261
55119960600,0,Taylor County,2,64,263
55121100100,6,Trempealeau County,20,380,348
55121100200,6,Trempealeau County,16,304,383
55121100300,5,Trempealeau County,17,323,382
55121100400,6,Trempealeau County,11,209,384
55121100500,6,Trempealeau County,19,361,386
55121100600,6,Trempealeau County,13,247,385
55121100700,6,Trempealeau County,21,399,349
55121100800,6,Trempealeau County,16,304,347
55123960100,7,Vernon County,20,400,425
55123960200,4,Vernon County,27,540,427
55123960300,4,Vernon County,18,360,426
55123960400,4,Vernon County,1,20,424
55123960500,4,Vernon County,26,520,423
55123960600,4,Vernon County,30,600,429
55123960700,4,Vernon County,12,240,428
55125940000,1,Vilas County,20,540,305
55125950200,2,Vilas County,30,810,307
55125950500,0,Vilas County,5,135,308
55125950600,0,Vilas County,49,1323,304
55125950700,0,Vilas County,9,243,306
55127000101,16,Walworth County,6,408,1217
55127000102,18,Walworth County,8,544,1218
55127000200,16,Walworth County,74,5032,1222
55127000301,16,Walworth County,41,2788,1215
55127000302,16,Walworth County,55,3740,1186
55127000400,9,Walworth County,0,0,1219
55127000501,16,Walworth County,1,68,1185
55127000502,16,Walworth County,2,136,1214
55127000600,16,Walworth County,39,2652,1221
55127000701,16,Walworth County,3,204,1189
55127000702,16,Walworth County,6,408,1184
55127000800,16,Walworth County,16,1088,1220
55127000901,16,Walworth County,3,204,1216
55127000902,16,Walworth County,2,136,1182
55127001000,14,Walworth County,36,2448,1224
55127001501,16,Walworth County,9,612,1187
55127001502,16,Walworth County,4,272,1183
55127001602,16,Walworth County,14,952,1223
55127001603,17,Walworth County,9,612,1188
55127001604,16,Walworth County,7,476,1191
55127001701,16,Walworth County,15,1020,1190
55127001702,16,Walworth County,46,3128,1192
55129950100,0,Washburn County,20,840,514
55129950200,0,Washburn County,11,462,512
55129950300,0,Washburn County,12,504,513
55129950500,1,Washburn County,12,504,515
55129950600,0,Washburn County,9,378,516
55131400102,1,Washington County,5,125,408
55131400103,1,Washington County,48,1200,378
55131400104,1,Washington County,46,1150,380
55131410100,1,Washington County,28,700,406
55131420103,1,Washington County,25,625,410
55131420104,1,Washington County,29,725,407
55131420105,1,Washington County,5,125,372
55131420106,2,Washington County,6,150,373
55131420200,0,Washington County,2,50,420
55131420300,1,Washington County,1,25,409
55131420401,3,Washington County,0,0,340
55131420402,1,Washington County,0,0,374
55131430100,1,Washington County,110,2750,422
55131440103,1,Washington County,18,450,342
55131440104,1,Washington County,8,200,345
55131440105,1,Washington County,22,550,341
55131440106,7,Washington County,47,1175,346
55131440200,1,Washington County,5,125,381
55131450103,1,Washington County,18,450,379
55131450104,4,Washington County,24,600,377
55131450105,1,Washington County,20,500,375
55131450106,1,Washington County,18,450,376
55131460101,0,Washington County,25,625,405
55131460102,1,Washington County,13,325,411
55131470100,1,Washington County,33,825,421
55131470202,1,Washington County,3,75,404
55131470203,1,Washington County,3,75,343
55131470204,1,Washington County,9,225,344
55133200101,2,Waukesha County,1,23,370
55133200102,2,Waukesha County,4,92,255
55133200103,2,Waukesha County,2,46,256
55133200201,0,Waukesha County,5,115,253
55133200202,2,Waukesha County,6,138,294
55133200300,2,Waukesha County,28,644,364
55133200400,4,Waukesha County,26,598,321
55133200500,2,Waukesha County,4,92,291
55133200600,2,Waukesha County,1,23,257
55133200700,2,Waukesha County,8,184,279
55133200801,2,Waukesha County,2,46,280
55133200803,2,Waukesha County,2,46,252
55133200804,2,Waukesha County,6,138,235
55133200901,0,Waukesha County,4,92,260
55133200902,2,Waukesha County,5,115,269
55133201000,2,Waukesha County,7,161,369
55133201101,2,Waukesha County,5,115,368
55133201102,2,Waukesha County,5,115,367
55133201201,2,Waukesha County,2,46,401
55133201202,2,Waukesha County,3,69,366
55133201203,2,Waukesha County,7,161,339
55133201300,2,Waukesha County,15,345,318
55133201402,2,Waukesha County,2,46,254
55133201403,2,Waukesha County,5,115,234
55133201404,2,Waukesha County,3,69,249
55133201503,2,Waukesha County,4,92,286
55133201504,2,Waukesha County,4,92,267
55133201505,4,Waukesha County,4,92,284
55133201506,2,Waukesha County,6,138,268
55133201600,2,Waukesha County,20,460,282
55133201701,2,Waukesha County,4,92,259
55133201703,2,Waukesha County,8,184,223
55133201704,2,Waukesha County,17,391,247
55133201800,2,Waukesha County,5,115,270
55133201900,2,Waukesha County,27,621,399
55133202001,2,Waukesha County,39,897,371
55133202002,2,Waukesha County,22,506,283
55133202101,2,Waukesha County,12,276,222
55133202102,2,Waukesha County,14,322,243
55133202103,4,Waukesha County,4,92,221
55133202201,1,Waukesha County,4,92,337
55133202202,2,Waukesha County,6,138,334
55133202301,2,Waukesha County,4,92,336
55133202302,2,Waukesha County,4,92,281
55133202400,2,Waukesha County,1,23,285
55133202500,2,Waukesha County,3,69,332
55133202600,2,Waukesha County,3,69,397
55133202700,2,Waukesha County,0,0,258
55133202800,2,Waukesha County,4,92,271
55133202901,2,Waukesha County,3,69,220
55133202902,2,Waukesha County,3,69,248
55133203000,2,Waukesha County,1,23,296
55133203101,2,Waukesha County,4,92,322
55133203102,2,Waukesha County,3,69,319
55133203103,2,Waukesha County,0,0,297
55133203200,2,Waukesha County,12,276,398
55133203303,2,Waukesha County,3,69,250
55133203304,2,Waukesha County,13,299,251
55133203305,2,Waukesha County,7,161,219
55133203306,2,Waukesha County,14,322,400
55133203402,2,Waukesha County,3,69,292
55133203403,2,Waukesha County,7,161,396
55133203404,3,Waukesha County,6,138,295
55133203405,2,Waukesha County,12,276,365
55133203406,3,Waukesha County,38,874,403
55133203500,2,Waukesha County,38,874,338
55133203601,2,Waukesha County,8,184,335
55133203602,2,Waukesha County,8,184,316
55133203702,2,Waukesha County,29,667,317
55133203703,2,Waukesha County,11,253,218
55133203704,2,Waukesha County,10,230,241
55133203802,2,Waukesha County,47,1081,315
55133203803,2,Waukesha County,19,437,323
55133203804,2,Waukesha County,30,690,320
55133203901,2,Waukesha County,7,161,217
55133203902,0,Waukesha County,8,184,242
55133204002,2,Waukesha County,68,1564,293
55133204003,2,Waukesha County,20,460,216
55133204004,2,Waukesha County,48,1104,237
55133204100,2,Waukesha County,37,851,402
55133204200,2,Waukesha County,7,161,333
55133204301,5,Waukesha County,5,115,238
55133204302,2,Waukesha County,1,23,236
55133204400,2,Waukesha County,8,184,363
55133204501,2,Waukesha County,30,690,240
55133204502,2,Waukesha County,13,299,239
55135100100,3,Waupaca County,10,450,1069
55135100200,3,Waupaca County,37,1665,1068
55135100300,2,Waupaca County,17,765,1046
55135100400,3,Waupaca County,20,900,1045
55135100500,3,Waupaca County,11,495,1049
55135100600,3,Waupaca County,20,900,1048
55135100700,4,Waupaca County,13,585,1066
55135100800,3,Waupaca County,19,855,1065
55135100900,3,Waupaca County,3,135,1044
55135101000,3,Waupaca County,0,0,1047
55135101100,3,Waupaca County,2,90,1050
55135101200,3,Waupaca County,13,585,1067
55137960100,4,Waushara County,26,1014,480
55137960200,2,Waushara County,22,858,481
55137960300,4,Waushara County,37,1443,479
55137960400,4,Waushara County,37,1443,500
55137960600,4,Waushara County,10,390,499
55137960700,4,Waushara County,25,975,498
55137960800,4,Waushara County,20,780,478
55139000100,0,Winnebago County,0,0,541
55139000200,1,Winnebago County,0,0,540
55139000300,0,Winnebago County,13,520,539
55139000400,0,Winnebago County,0,0,538
55139000500,0,Winnebago County,0,0,529
55139000700,0,Winnebago County,0,0,528
55139000800,0,Winnebago County,1,40,527
55139000900,1,Winnebago County,2,80,526
55139001000,0,Winnebago County,0,0,611
55139001100,0,Winnebago County,0,0,525
55139001200,0,Winnebago County,0,0,524
55139001300,1,Winnebago County,0,0,610
55139001400,0,Winnebago County,2,80,609
55139001500,0,Winnebago County,3,120,608
55139001600,0,Winnebago County,12,480,523
55139001700,0,Winnebago County,14,560,522
55139001801,1,Winnebago County,4,160,519
55139001803,0,Winnebago County,3,120,518
55139001804,0,Winnebago County,5,200,521
55139001900,2,Winnebago County,39,1560,586
55139002000,0,Winnebago County,54,2160,589
55139002100,0,Winnebago County,65,2600,542
55139002201,0,Winnebago County,18,720,517
55139002202,1,Winnebago County,40,1600,520
55139002300,0,Winnebago County,39,1560,585
55139002400,0,Winnebago County,11,440,567
55139002500,0,Winnebago County,2,80,588
55139002601,0,Winnebago County,0,0,584
55139002602,0,Winnebago County,0,0,587
55139002700,0,Winnebago County,0,0,582
55139002800,2,Winnebago County,2,80,583
55139002900,0,Winnebago County,0,0,569
55139003000,0,Winnebago County,1,40,570
55139003100,0,Winnebago County,2,80,568
55139003200,0,Winnebago County,1,40,564
55139003300,1,Winnebago County,0,0,563
55139003400,0,Winnebago County,0,0,566
55139003500,2,Winnebago County,1,40,545
55139003600,0,Winnebago County,4,160,544
55139003701,0,Winnebago County,0,0,543
55139003702,0,Winnebago County,12,480,565
55141010100,0,Wood County,42,882,208
55141010200,0,Wood County,7,147,467
55141010300,0,Wood County,0,0,466
55141010400,2,Wood County,0,0,204
55141010500,1,Wood County,0,0,203
55141010600,2,Wood County,1,21,465
55141010700,0,Wood County,36,756,202
55141010800,0,Wood County,57,1197,461
55141010900,0,Wood County,40,840,207
55141011000,0,Wood County,6,126,206
55141011100,0,Wood County,12,252,205
55141011200,1,Wood County,5,105,462
55141011300,0,Wood County,2,42,201
55141011400,0,Wood County,0,0,200
55141011500,0,Wood County,7,147,199
55141011600,0,Wood County,13,273,463
55141011700,0,Wood County,3,63,464